APOGEE_ID,RA,DEC,Av,varAv,Av_med,e_Avmed
2M05280147+0117536,82.006137,1.298243,0,0.009,0,0
2M05341490-0252540,83.562111,-2.881683,0,0,0,0
2M05244037-0229523,81.168244,-2.497867,0.0810903930355117,0.049,0,0
2M05265916-0221383,81.746507,-2.360659,0,0.0098,0,0
2M05394906+0129300,84.954427,1.491691,0,0,0,0
2M05335758+0124274,83.489941,1.407636,0,0.009,0,0
2M05215828-0257493,80.492855,-2.9637,0,0.0092,0,0
2M05351278-0044071,83.803257,-0.735308,0.697577649072014,0.0088,0,0
2M05381373-0110089,84.557242,-1.169147,0,0.0026,0,0
2M05284528+0138381,82.188677,1.643941,0,0,0,0
2M05345647-0007223,83.735324,-0.122867,0,0.0026,0,0
2M05413838-0215324,85.409923,-2.259013,0,0,0,0
2M05250119-0248556,81.254992,-2.815469,0,0.0092,0,0
2M05270937-0122023,81.789053,-1.367326,0,0,0,0
2M05251139+0155242,81.297477,1.923407,0.911742374464073,0.0238,0,0
2M05395657-0155361,84.98572,-1.926707,0,0.009,0,0
2M05273688+0106273,81.903679,1.107604,0.943439945557698,0.009,0,0
2M05350920-0016105,83.788354,-0.269604,0,0,0,0
2M05274576-0208437,81.940688,-2.145476,0,0.0098,0,0
2M05363059-0159016,84.127473,-1.983802,0.995055129508492,0.012,0,0
2M05274471-0148470,81.936309,-1.813057,0,0.0262,0,0
2M05374589-0046417,84.44123,-0.778266,0,0.0252,0,0
2M05275423+0106180,81.975964,1.10502,0,0.009,0,0
2M05391506-0231376,84.81275,-2.527127,0,0.0146,0,0
2M05350028-0048561,83.751173,-0.815592,0.417595954643193,0.082,0,0
2M05371452-0140037,84.310538,-1.667715,0,0.0116,0,0
2M05231014+0108225,80.792288,1.1396,0,0.011,0,0
2M05383654-0233127,84.652288,-2.553548,0.126264082904411,0.043,0,0
2M05235036+0204557,80.959844,2.08216,0,0.0278,0,0
2M05390149-0238564,84.756235,-2.649011,0,0.0054,0,0
2M05361876-0018132,84.07817,-0.30369,0,0.0092,0,0
2M05285259-0036110,82.219149,-0.603082,0,0.0128,0,0
2M05332605+0037166,83.358572,0.621297,0,0.0086,0,0
2M05304868+0001425,82.702869,0.028491,0,0,0,0
2M05400332-0142461,85.013854,-1.712819,0,0.009,0,0
2M05375624+0059148,84.484365,0.987461,0,0,0,0
2M05295555+0208317,82.48148,2.142159,0,0,0,0
2M05365737-0042069,84.239044,-0.701929,0,0.0256,0,0
2M05351381-0222523,83.807562,-2.381211,0,0.012,0,0
2M05383479-0234158,84.644996,-2.571059,0,0.0084,0,0
2M05304927-0221591,82.70531,-2.366425,0,0,0,0
2M05394325+0054274,84.930232,0.90762,0,0,0,0
2M05260599+0050023,81.524998,0.833993,0,0.009,0,0
2M05375731-0011214,84.488809,-0.189283,0,0.0092,0,0
2M05361408-0215318,84.058669,-2.258834,0,0.012,0,0
2M05374047-0226367,84.418665,-2.443533,0,0.0028,0,0
2M05232293-0126272,80.845543,-1.440896,0,0,0,0
2M05321308-0136016,83.054518,-1.60046,0,0,0,0
2M05415284-0247548,85.470177,-2.798562,0,0.0108,0,0
2M05230195+0026205,80.758141,0.439053,0,0,0,0
2M05320399-0025448,83.016659,-0.429116,0,0,0,0
2M05342486-0045477,83.603611,-0.763255,0,0,0,0
2M05281263-0156285,82.052659,-1.941265,0,0.0164,0,0
2M05335172-0004363,83.46553,-0.076761,0.864076619255105,0.005,0,0
2M05290363-0210332,82.265129,-2.175909,0,0,0,0
2M05330870-0155339,83.286276,-1.926091,0,0,0,0
2M05360587-0019415,84.024481,-0.328214,0,0.0088,0,0
2M05290074+0018257,82.253089,0.307154,0,0,0,0
2M05223881-0102338,80.661744,-1.04274,0.821803575155165,0,0,0
2M05383422-0234160,84.642599,-2.571121,0,0.0084,0,0
2M05351517-0154075,83.813215,-1.902087,0.973066453912467,0.0094,0,0
2M05394619-0240320,84.942484,-2.67558,0,0,0,0
2M05243662+0148033,81.152584,1.800942,0.957696252332756,0.0284,0,0
2M05363813-0050370,84.158916,-0.843632,0,0.0176,0,0
2M05415140-0229512,85.464167,-2.497561,0.743578889977825,0.0108,1.7,0.05699998
2M05273070+0015075,81.877953,0.252099,0.682366311730848,0,0,0
2M05271919+0136224,81.829998,1.60624,0,0,0,0
2M05253609+0021470,81.400398,0.363079,0,0,0,0
2M05352609-0119384,83.858737,-1.327347,0,0,0,0
2M05324164-0202131,83.173502,-2.036986,0,0,0,0
2M05291858+0110555,82.327426,1.182104,0,0.018,0,0
2M05425558+0032273,85.731601,0.540921,0,0,0,0
2M05260462+0043390,81.519272,0.727506,0.636499407305872,0,0,0
2M05332743+0239057,83.364302,2.651584,0.263006295031186,0.045,0,0
2M05322364-0153022,83.098526,-1.883953,1.28726218396349,0,0,0
2M05265311-0009458,81.721295,-0.162734,0,0.0128,0,0
2M05351050-0050130,83.793774,-0.836949,0,0,0,0
2M05375440-0239298,84.476687,-2.658291,0.147324247871427,0.012,0,0
2M05373187-0245184,84.382794,-2.755119,0,0,0,0
2M05302915-0050507,82.621463,-0.847424,0,0,0,0
2M05390921-0256347,84.788394,-2.942978,0,0.0092,0,0
2M05230242-0159061,80.760103,-1.985044,0,0,0,0
2M05270831-0149526,81.784627,-1.831294,1.38080754428879,0.044,0,0
2M05300037+0222138,82.501569,2.370518,1.16856479815593,0,0,0
2M05300881+0114524,82.53674,1.247901,0,0.018,0,0
2M05285935+0129190,82.247322,1.488632,0,0.009,0,0
2M05241761+0222045,81.073383,2.367917,0.875545210303668,0.0238,0,0
2M05395930-0222543,84.997111,-2.381777,0,0,0,0
2M05233418-0248187,80.892434,-2.805203,0,0.0092,0,0
2M05264782-0038475,81.699269,-0.646543,0,0.009,0,0
2M05354708+0202188,83.946188,2.03858,0,0.009,0,0
2M05270412+0044135,81.76718,0.737086,0,0.009,0,0
2M05300285+0106332,82.51188,1.109249,0,0.018,0,0
2M05292863+0143097,82.369324,1.719377,0,0.009,0,0
2M05302438+0036280,82.601592,0.607803,0,0,0,0
2M05273537-0145072,81.897377,-1.752021,0,0.0262,0,0
2M05352129-0102008,83.838709,-1.033574,0,0,0,0
2M05275999+0229480,81.999992,2.496677,0,0,0,0
2M05330479+0228096,83.269966,2.469347,0.671384210622817,0.009,0,0
2M05262719+0050211,81.613311,0.839215,0,0.009,0,0
2M05344869-0102275,83.702883,-1.040985,0,0,0,0
2M05335457+0102001,83.477406,1.033388,0,0.0176,0,0
2M05313000+0232490,82.87502,2.546965,0.804403887779083,0.009,0,0
2M05220209-0236148,80.508735,-2.604135,0,0,0,0
2M05273861-0158018,81.910876,-1.967173,0.419935155380758,0.044,0,0
2M05283414+0045575,82.14229,0.765988,0,0.009,0,0
2M05313508-0140046,82.896207,-1.667971,0,0,0,0
2M05242421+0141333,81.100907,1.69259,1.32248081401379,0.044,0,0
2M05311898-0011132,82.82911,-0.187009,0,0.0024,0,0
2M05343693-0053003,83.65388,-0.883423,0,0,0,0
2M05241919+0017385,81.079979,0.294028,0.479869901196366,0,0,0
2M05241392+0115432,81.058035,1.26201,0,0.0086,0,0
2M05242074+0135266,81.086418,1.590734,0,0.0102,0,0
2M05383137-0154030,84.630714,-1.900834,0,0.0092,0,0
2M05251164+0133296,81.298528,1.558226,0,0,0,0
2M05391497-0153535,84.81241,-1.898196,0,0.009,0,0
2M05291353-0147463,82.306382,-1.796219,0,0.0164,0,0
2M05245456+0158083,81.227348,1.968985,0,0.0328,0,0
2M05234591+0150334,80.941294,1.842615,0,0.0188,0,0
2M05271720-0220239,81.821673,-2.339977,0,0,0,0
2M05321357+0242407,83.056559,2.711321,0,0.009,0,0
2M05305984-0202024,82.749341,-2.034014,0.624647647050773,0.045,0,0
2M05255075+0047489,81.461485,0.796934,0,0.0086,0,0
2M05254370-0211241,81.432101,-2.190028,0,0.0086,0,0
2M05253145-0021099,81.381065,-0.352758,0,0,0,0
2M05241815+0222060,81.075657,2.368334,0.875971986120947,0.047,0,0
2M05245772-0237590,81.240512,-2.633082,0,0.0092,0.202,0.1605
2M05292269-0131537,82.344573,-1.531594,0.784642061262419,0,0,0
2M05353693-0030211,83.903913,-0.505866,0.942456441126115,0.0088,0,0
2M05251613+0231412,81.317217,2.528124,0.222444944991233,0.048,0,0
2M05305968+0024334,82.74868,0.409278,0,0,0,0
2M05353020-0043052,83.875868,-0.718122,0,0.0088,0.418,0.09300001
2M05302959+0146553,82.623301,1.782053,0,0.009,0,0
2M05341255+0052191,83.552319,0.871986,0,0.0086,0,0
2M05310864+0244134,82.786009,2.737061,0,0,0,0
2M05344359-0100125,83.681645,-1.003478,0.885599729171419,0,0,0
2M05391736+0144377,84.822369,1.743808,0,0,0,0
2M05371233-0022572,84.301378,-0.382561,0,0.0212,0,0
2M05240773-0020180,81.032211,-0.338347,0,0,0,0
2M05274079-0016083,81.91998,-0.26899,0,0.0128,0,0
2M05295593+0212339,82.483082,2.209425,0,0,0,0
2M05335454-0006212,83.477258,-0.105892,0,0.005,0,0
2M05241749+0138300,81.072893,1.641692,0,0.0102,0,0
2M05383138-0255032,84.630752,-2.917559,0,0.0092,0.113,0.0775
2M05261295-0143189,81.553985,-1.721925,0,0.0086,0,0
2M05342004-0132251,83.5835,-1.540307,0.129442346001173,0.013,0,0
2M05253978+0138183,81.415785,1.638427,0,0,0,0
2M05321479-0051226,83.061639,-0.8563,0,0,0,0
2M05314566+0217040,82.94026,2.284455,0,0.009,0,0
2M05272459-0127422,81.852471,-1.461737,0,0,0,0
2M05303822-0139029,82.659266,-1.650816,0,0,0.118,0.041500002
2M05291785-0143391,82.324383,-1.727543,0,0.0164,0,0
2M05280825-0027177,82.034415,-0.454924,0,0.0128,0,0
2M05254865+0123220,81.452717,1.389459,0,0.0088,0,0
2M05374693-0034170,84.44558,-0.571416,0,0.026,0,0
2M05325412+0235422,83.225531,2.595081,0,0.009,0,0
2M05404289-0147136,85.178711,-1.787117,0,0.0218,0,0
2M05281483-0158369,82.061829,-1.976933,0,0,0,0
2M05270085-0117575,81.753547,-1.299319,0,0,0,0
2M05332851-0130543,83.368805,-1.515104,0,0.003,0,0
2M05334890-0226082,83.453776,-2.435617,0,0,0,0
2M05264654+0140552,81.693953,1.682009,0,0,0,0
2M05335490+0021069,83.478787,0.351943,1.18269843634133,0.0086,0,0
2M05375303-0233344,84.470982,-2.559558,0.959500049731152,0.0028,0,0
2M05324124-0038056,83.171845,-0.634912,0,0,0,0
2M05342189+0040567,83.591243,0.682433,0,0.0086,0,0
2M05245500+0139229,81.229181,1.656371,0,0,0,0
2M05340687-0223484,83.528651,-2.396805,0,0,0,0
2M05322894+0212340,83.120592,2.209464,0,0.018,0,0
2M05325279+0121588,83.219995,1.366352,0,0.009,0,0
2M05243890+0154065,81.162118,1.901827,0.937753862202507,0.042,0,0
2M05283440+0220182,82.143359,2.338399,0,0,0,0
2M05271534-0017538,81.813947,-0.298287,0,0.0128,0,0
2M05362974-0036250,84.123932,-0.606946,0.80837521127886,0.018,0,0
2M05364439-0018072,84.184975,-0.302005,0,0.0092,0,0
2M05230686+0118237,80.778621,1.306605,0,0,0,0
2M05283543+0140073,82.147655,1.668722,0,0,0,0
2M05355511-0042517,83.979628,-0.71437,0,0.0088,0,0
2M05352231-0153217,83.842968,-1.88938,0,0.0094,0,0
2M05403418-0121540,85.142426,-1.365004,0.294824112771054,0.014,0,0
2M05283366-0235544,82.14025,-2.598463,0,0,0,0
2M05253382+0020296,81.390954,0.341563,0,0,0,0
2M05292524-0030133,82.355178,-0.503716,0,0.0128,0.139,0.10349999
2M05283116+0154076,82.129859,1.902114,0,0,0,0
2M05362636-0026472,84.109867,-0.446455,0,0.0092,0,0
2M05363398-0020051,84.141586,-0.334777,0,0.0092,0,0
2M05264819+0222025,81.700808,2.367373,0.87876942276107,0,0,0
2M05252107+0011022,81.3378,0.183952,0,0,0,0
2M05374491-0229573,84.437145,-2.499252,0,0.0028,0,0
2M05315276+0000461,82.969847,0.012808,0,0.0024,0,0
2M05275732+0216345,81.988853,2.276257,0,0,0,0
2M05401548+0032191,85.064536,0.538663,0,0,0,0
2M05345341-0220262,83.722555,-2.340613,0,0.012,0,0
2M05305787-0156527,82.741154,-1.947977,1.86066672704378,0.047,0.031,0.131
2M05335429+0046063,83.476241,0.768435,0,0.0086,0,0
2M05314751+0217129,82.947985,2.286939,0,0.009,0,0
2M05305969-0210357,82.748749,-2.176603,0.754517190196528,0.013,0,0
2M05345541+0019299,83.730882,0.324999,0,0.0086,0,0
2M05291877-0118370,82.328225,-1.310279,0,0,0,0
2M05315101-0159448,82.962574,-1.995805,0,0,0.233,0.13550001
2M05403669+0030308,85.152892,0.508582,0,0,0,0
2M05314469-0130582,82.936219,-1.516185,0,0,0,0
2M05354966-0114094,83.956939,-1.235972,0,0,0,0
2M05412424-0149348,85.351039,-1.826354,2.23840105103431,0.01,0,0
2M05302878+0149539,82.619932,1.831664,0,0.009,0,0
2M05283924-0123133,82.163504,-1.387034,0,0,0,0
2M05385681-0204544,84.736725,-2.081797,0.0825364487578755,0.013,0.116,0.2445
2M05244353-0247129,81.181391,-2.78694,0,0.0092,0.441,0.14549999
2M05250016+0138297,81.250695,1.641606,0,0,0,0
2M05315539-0219024,82.98082,-2.317357,0,0,0,0
2M05244624+0131290,81.192671,1.524733,0.406208990382958,0.045,0,0
2M05335149-0145098,83.464582,-1.752742,0,0,0,0
2M05325129-0034524,83.213733,-0.581245,1.42184036985233,0.024,0.433,0.08500001
2M05400696-0228300,85.029023,-2.475014,0,0,0,0
2M05275593-0219417,81.983065,-2.328254,0,0,0,0
2M05200250-0229098,80.010435,-2.48608,0,0,0.091,0.124
2M05414141-0143533,85.422543,-1.731499,2.3364702089539,0.0028,4.006,0.0539999
2M05293802+0156055,82.408444,1.934886,0,0.009,0,0
2M05403450-0230222,85.143759,-2.506181,1.07591543769658,0,0.526,0.16049999
2M05331122-0241056,83.296763,-2.684912,0,0,0,0
2M05320408-0225215,83.017002,-2.422642,0,0,0.154,0.10149999
2M05214888+0103326,80.453681,1.059079,0,0.011,0,0
2M05293287+0105559,82.386959,1.098878,0,0.018,0.235,0.052499995
2M05255523+0244366,81.480165,2.743522,0,0,0.231,0.297
2M05283775+0138039,82.157312,1.634438,0,0,0,0
2M05401567-0149489,85.065308,-1.83026,0.988539414539971,0.009,0.138,0.127
2M05323126+0213366,83.13029,2.226849,0,0.018,0,0
2M05241618+0138357,81.067419,1.643261,0,0.0102,0,0
2M05331308+0010299,83.304504,0.174975,0,0.0024,0.004,0.14199999
2M05391845+0145001,84.82691,1.750042,0,0,0.275,0.049000002
2M05332801-0103478,83.366726,-1.063301,0,0.0096,0,0
2M05313073-0028331,82.878057,-0.475877,0,0,0,0
2M05302478+0144346,82.603273,1.742952,0,0.009,0,0
2M05301534+0057141,82.563929,0.953928,0,0.018,0,0
2M05345053-0131298,83.710561,-1.524967,0.893163299603926,0,0.33,0.392
2M05295641-0158450,82.48508,-1.979176,0,0,0,0
2M05340650-0223063,83.527099,-2.385108,0.713572275173842,0.045,0,0
2M05394900-0138472,84.954195,-1.646446,0.544964244376196,0.013,0.079,0.18
2M05304973-0237025,82.707248,-2.617364,0.784533535512307,0,0,0
2M05330030-0131473,83.251254,-1.529813,0,0.003,0,0
2M05380784-0231314,84.532698,-2.525389,1.40031557261352,0.0028,0.026,0.108
2M05222204+0139294,80.591838,1.658191,0,0.0096,0,0
2M05415257-0203515,85.469076,-2.064329,1.1762503323141,0,3.3,0.09200001
2M05374033-0016459,84.41808,-0.279425,0,0.0212,0,0
2M05303519+0220423,82.646654,2.345091,0.943135294340953,0.009,0,0
2M05293148-0027280,82.381195,-0.457789,0,0.0128,0.043,0.052
2M05324061+0211587,83.169222,2.199646,0,0.018,0,0
2M05385337-0233229,84.72239,-2.556384,0.739022391845757,0.015,0.176,0.18049999
2M05412685-0142461,85.361902,-1.712826,2.34323866291997,0.0028,6.13,0.16400003
2M05300371-0033420,82.515467,-0.561677,0,0.004,0,0
2M05350799-0150192,83.783308,-1.838686,0,0.0094,0,0
2M05270704+0208344,81.779342,2.142893,0.796459484788414,0,0,0
2M05213256-0250066,80.3857,-2.835189,0,0,0.678,0.040499985
2M05373974-0038258,84.41559,-0.640522,0,0.026,0,0
2M05375308+0113131,84.47119,1.220319,0,0,0,0
2M05331353-0226438,83.3064,-2.44552,0.377410404023315,0.046,0,0
2M05273558+0059329,81.898288,0.992492,1.9450881768746,0.046,0,0
2M05350541-0055436,83.772551,-0.928779,0,0,0.158,0.156
2M05344642-0102340,83.693438,-1.042791,0,0,0,0
2M05345443-0208514,83.726812,-2.147634,0,0.012,0.28,0.039499998
2M05275884+0146171,81.995177,1.771432,0.201395253584128,0.045,0,0
2M05343105-0149515,83.629405,-1.830985,0,0,0,0
2M05405650-0122162,85.235444,-1.371168,0.949123232076563,0.013,0.116,0.096999995
2M05261991+0147142,81.58297,1.787303,0,0.0026,0,0
2M05412702-0142494,85.362622,-1.713734,2.34323866291997,0.0028,5.022,0.10599995
2M05315128-0108567,82.963669,-1.149089,0,0.0096,0,0
2M05334185-0125598,83.424412,-1.433291,0,0.012,0.02,0.0905
2M05331305-0203129,83.304416,-2.0536,0,0,0,0
2M05312712-0247025,82.863026,-2.78404,0,0,0,0
2M05391807-0229284,84.825298,-2.491239,0.7220117239332,0.0214,0.15,0.2715
2M05233436+0225251,80.893178,2.42364,0,0.009,0.335,0.1435
2M05393547-0159033,84.897805,-1.984272,1.26763871189441,0.009,0.061,0.078999996
2M05374775+0009543,84.448959,0.165096,0,0.0092,0,0
2M05285348+0049443,82.222852,0.828995,0,0.009,0,0
2M05250126+0155384,81.25525,1.927348,1.60625704363383,0.05,0.219,0.16749999
2M05241778+0124411,81.074088,1.411444,0,0,0,0
2M05421125-0159437,85.546896,-1.995491,0.849675883471786,0.013,0,0
2M05395395-0019365,84.974831,-0.326806,0,0.012,0.384,0.078999996
2M05370126-0157539,84.255282,-1.964982,0.964176355224044,0.0184,0.494,0.08349998
2M05243651+0046247,81.152166,0.773528,0,0.0086,0,0
2M05404281-0147171,85.178416,-1.788095,1.45349055431005,0.0218,0.158,0.15249999
2M05324957-0157385,83.206563,-1.960697,1.04862912475966,0,0,0
2M05274527+0024279,81.938654,0.407753,0,0,0,0
2M05393256-0239440,84.885707,-2.662225,1.31416593454078,0.014,0.404,0.11400001
2M05334882-0106385,83.453439,-1.110695,1.17055401582991,0.0096,0,0
2M05363302-0123334,84.137589,-1.392629,0.989873179941804,0.0186,0.112,0.095
2M05303855+0133577,82.660654,1.566039,0,0.009,0,0
2M05385410-0249297,84.725444,-2.824937,1.18127020245145,0.0092,0.408,0.354
2M05263804+0117095,81.658532,1.28599,0.975843764996114,0.0088,0,0
2M05411933+0027518,85.33056,0.464416,0.609390265388325,0.014,0.207,0.065
2M05342407-0136013,83.600296,-1.600381,0.877412199200662,0,0,0
2M05260664+0209497,81.527691,2.163828,1.05207414625305,0.0026,0,0
2M05292270-0250258,82.344606,-2.840502,0,0,0.578,0.06350002
2M05261736+0054216,81.572335,0.906023,0.775481438968766,0.009,0,0
2M05275896-0053151,81.99569,-0.887532,0,0,0,0
2M05371161-0232087,84.298393,-2.535776,1.02350443796739,0,0,0
2M05384424-0232336,84.684345,-2.542674,1.10908238427353,0.0084,0.655,0.092999995
2M05233281+0000301,80.886722,0.008374,0.714609906657296,0.009,0,0
2M05265991+0209060,81.749657,2.15168,0,0.0026,0.022,0.119
2M05344241-0015449,83.676711,-0.262498,0,0.0026,0,0
2M05260277-0206418,81.511554,-2.111619,1.10636002129191,0.0086,0.002,0.086500004
2M05314272-0000100,82.928009,-0.002779,0,0.0024,0,0
2M05414316-0203541,85.429847,-2.065031,0.672851636014252,0.016,0,0
2M05345820-0112379,83.7425,-1.210529,0,0,0,0
2M05401834-0212446,85.076451,-2.212395,1.51452004132049,0.013,0.705,0.14949998
2M05325664+0018478,83.236013,0.313281,1.2903794758916,0.0024,0,0
2M05293906-0037377,82.412777,-0.62715,0,0.004,0,0
2M05292353+0207150,82.348053,2.120842,0,0,0,0
2M05304421-0219485,82.68421,-2.330161,0.00584587725263397,0.012,0.822,0.1485
2M05355593-0119232,83.983055,-1.323135,0,0.0086,0.105,0.08400001
2M05224327-0113384,80.680317,-1.227346,0.628288477115802,0.013,0.033,0.1575
2M05243566+0110191,81.148594,1.171975,0.633729071640294,0.0086,0.357,0.13999999
2M05394784-0232248,84.949336,-2.540242,1.19797223034892,0,0.326,0.07700001
2M05323970+0116315,83.165438,1.275417,0,0.0176,0,0
2M05335754-0052455,83.489762,-0.879307,1.2935181955101,0.027,0.299,0.066999994
2M05414690-0149573,85.445436,-1.832598,3.06147807456611,0,4.352,0.15799999
2M05285915+0204488,82.246489,2.080245,0,0,0,0
2M05281788-0148094,82.074539,-1.802618,1.34145090946825,0.013,0.318,0.0885
2M05250019+0024529,81.250814,0.41472,0,0,0,0
2M05284287-0020406,82.178634,-0.344635,1.11704232519234,0.0128,0,0
2M05313927-0045286,82.913666,-0.757961,0.984486799025045,0.017,0,0
2M05264348+0143538,81.681189,1.731622,1.12840970947503,0,0,0
2M05312808+0203196,82.867024,2.055471,0,0.009,0,0
2M05370273-0105074,84.261381,-1.085414,0.400858381114188,0.013,0,0
2M05234159+0001547,80.923298,0.031877,0.15422881189817,0.016,0,0
2M05341283-0120379,83.553467,-1.343864,0.739974607856704,0.009,0.382,0.2915
2M05303497+0218546,82.645717,2.315191,0.943135294340953,0.009,0.223,0.1735
2M05241763+0102157,81.07346,1.037717,0.0889387500897628,0.012,0,0
2M05204202-0128109,80.175115,-1.469696,0.993356935475982,0,0,0
2M05371119-0109000,84.296658,-1.150019,1.12285839449056,0.01,0,0
2M05314552-0123550,82.939667,-1.398636,0.763952513999094,0.014,0.182,0.2525
2M05280052-0109448,82.002191,-1.162452,0.766544931290312,0,0.333,0.113000005
2M05320646-0155254,83.026943,-1.923743,1.28726218396349,0,0.181,0.1555
2M05370540-0109289,84.27253,-1.15803,0,0.01,0,0
2M05340535-0047172,83.522314,-0.788123,1.14003626714575,0.058,0.435,0.2525
2M05263185-0248343,81.632725,-2.809542,0,0.0092,0,0
2M05422853-0042057,85.618881,-0.701601,0.851085711287275,0,0.725,0.231
2M05402256-0233469,85.094019,-2.56303,1.3549680264564,0.014,0,0
2M05383822-0236384,84.659273,-2.610675,1.0250368691809,0.011,0,0
2M05284687+0033300,82.195327,0.558348,0,0,0,0
2M05301465-0050057,82.561072,-0.834937,1.23899412648285,0.004,0.183,0.20300001
2M05330125-0141537,83.255228,-1.698272,0.241717230600262,0.014,0,0
2M05331754-0208154,83.323119,-2.137626,0.0754147608639307,0.013,0.336,0.3425
2M05244277+0134091,81.17824,1.569213,0.307310392969024,0.012,0.232,0.22
2M05314669+0142241,82.944547,1.706722,0,0.018,0,0
2M05293441-0144192,82.393384,-1.738687,0.554710612647674,0.019,0,0
2M05271018+0050452,81.79243,0.845912,0,0.009,0,0
2M05311096+0119175,82.795698,1.321534,0,0.018,0,0
2M05305084-0210136,82.711866,-2.170445,0.833263733257253,0,0.062,0.1515
2M05305355+0200070,82.723163,2.001965,0.967985338620211,0.009,0,0
2M05214914+0035156,80.454765,0.587694,0,0.0024,0,0
2M05251049+0135591,81.293745,1.599765,0.999437901084771,0,0,0
2M05330172-0021025,83.257182,-0.350719,0.83530366172673,0,0.248,0.21700001
2M05343358-0201402,83.639938,-2.027837,0,0,0,0
2M05383431-0235000,84.642967,-2.583357,1.24653497613452,0.0084,0.057,0.218
2M05401274-0228199,85.053106,-2.472201,1.1924551055422,0,0.242,0.16000001
2M05385955-0245080,84.748141,-2.752246,0,0.012,0,0
2M05254165-0122016,81.423576,-1.367119,0.954163642054514,0.012,0.467,0.196
2M05415452-0143137,85.477167,-1.720488,2.76326591473843,0.01,1.585,0.19599998
2M05413436-0201507,85.393168,-2.030756,0.396242860857223,0.015,0,0
2M05310114+0247094,82.75475,2.785966,1.16856479815593,0,0.408,0.251
2M05414309-0210262,85.429549,-2.173972,0.413037131754311,0.013,0,0
2M05280994+0210263,82.041435,2.173985,0,0,0.012,0.224
2M05290452-0142312,82.268851,-1.708694,1.1147321386458,0.0164,0.3,0.296
2M05402883-0243138,85.120145,-2.720527,1.98398114168966,0.014,0.638,0.15750001
2M05285452-0141058,82.227191,-1.684963,1.34939688344585,0.0164,0.239,0.108
2M05323766-0137445,83.156929,-1.629042,1.15890741822074,0,0.065,0.1665
2M05323599-0249148,83.149979,-2.820797,1.35469853528954,0.021,0.318,0.214
2M05282834+0011020,82.118087,0.183892,0.315742917642503,0.014,0,0
2M05323653-0044437,83.152231,-0.745487,0.679981069269203,0.017,0.235,0.0945
2M05383546-0231516,84.647775,-2.531016,1.53561275659172,0.025,0.309,0.108500004
2M05264610+0105442,81.692101,1.095615,0.98129998178247,0.009,0,0
2M05244862-0103063,81.202596,-1.051751,1.20049662945925,0.014,0.342,0.082499996
2M05365630-0141588,84.234607,-1.699693,0.486871908366407,0.012,0.293,0.065500006
2M05305496+0031293,82.729,0.524814,0.7003226992676,0,0.083,0.135
2M05300336-0052519,82.514026,-0.881095,1.3960027758428,0.013,0.788,0.342
2M05282205-0157371,82.091879,-1.960307,0,0.0164,0,0
2M05254915+0020248,81.454826,0.340245,0.579794396969538,0,0,0
2M05305039-0138480,82.709977,-1.646673,0,0,0,0
2M05245227+0138439,81.217796,1.645528,0.0715962983292146,0.013,0,0
2M05371537-0230534,84.314044,-2.514842,0,0.0028,0.07,0.1185
2M05392456-0220441,84.852344,-2.345594,1.40385114268821,0,0.011,0.107999995
2M05364520-0022003,84.188351,-0.366768,0.958086386960291,0.0184,0.366,0.23599999
2M05244498+0159465,81.187452,1.996267,0.962128100026436,0.0328,0,0
2M05382148-0008438,84.589519,-0.145515,0.834988259105708,0.0092,0.041,0.0915
2M05240873+0108109,81.03641,1.136366,0,0.0086,0.298,0.2545
2M05284688+0252140,82.195343,2.870572,1.26594062974322,0,0.406,0.09550001
2M05292206+0206055,82.341922,2.101536,1.17200052976717,0,0.706,0.234
2M05253785+0026038,81.407727,0.434406,0.218604427161996,0.012,0.059,0.1155
2M05251705+0148223,81.321054,1.806205,0.078271411963486,0.012,0,0
2M05324550-0140344,83.189603,-1.67623,1.22552639042991,0,0.596,0.3735
2M05284683+0048406,82.195151,0.811284,0,0.009,0,0
2M05341033-0047147,83.543083,-0.787431,0,0,0,0
2M05390088-0253163,84.753671,-2.887877,0,0.0092,0.187,0.0445
2M05400510-0219591,85.021285,-2.333086,1.46984027235168,0.016,0,0
2M05384129-0237225,84.672049,-2.622937,1.16452607311925,0.0084,0.514,0.267
2M05322760-0002255,83.115016,-0.04043,0.990961848620897,0.019,0.229,0.075500004
2M05281925-0152039,82.080245,-1.867755,0.783645198268305,0.014,0,0
2M05395293-0224085,84.970564,-2.402377,0.430114185788661,0.013,0.919,0.087500006
2M05325191-0200244,83.216293,-2.006792,1.42004550483273,0.024,0.031,0.208
2M05400856-0242167,85.035685,-2.70466,1.03607493949319,0,0.273,0.12149999
2M05395248-0232023,84.968675,-2.533974,1.18154914848966,0,0.457,0.14899999
2M05274764-0108274,81.948541,-1.140957,1.05185473787712,0.014,0.524,0.08749999
2M05245381+0124097,81.224245,1.402702,0.822664193346593,0,0,0
2M05222181-0216503,80.590887,-2.280651,2.131680411528,0.018,0.417,0.09400001
2M05261151+0052280,81.547959,0.874465,0.049553820349197,0.013,0.297,0.306
2M05234760-0207482,80.948353,-2.13007,1.72191463240128,0,0.831,0.23599997
2M05205489+0102022,80.228738,1.033969,0.690742284397415,0.011,0.12,0.137
2M05283932-0212283,82.163841,-2.207887,1.19758023841543,0.015,0.514,0.16250001
2M05273617+0051538,81.900745,0.864956,0,0.009,0,0
2M05305374-0234135,82.72393,-2.570433,0.784533535512307,0,0.716,0.072
2M05383284-0235392,84.636844,-2.594223,1.24653497613452,0.0084,0.254,0.100999996
2M05390540-0232303,84.772526,-2.54176,1.50411418147532,0.015,0.536,0.1215
2M05231408-0034555,80.808694,-0.582088,0.914526554181256,0,0.008,0.067
2M05265191+0023039,81.716326,0.384421,0.810020194544439,0.016,0,0
2M05241048-0131503,81.043669,-1.530654,0,0,0.103,0.1605
2M05244957+0250283,81.206556,2.841222,0.116227688307575,0.013,0,0
2M05273980-0158371,81.915849,-1.976995,0.275973699052885,0.012,0.165,0.1535
2M05340819-0031296,83.534126,-0.524893,0.815693855929467,0.0026,1.341,0.2755
2M05322788-0203283,83.116176,-2.05787,1.04862912475966,0,0.601,0.26700002
2M05270681-0243277,81.778394,-2.72437,1.00942893733515,0,0,0
2M05252805+0137175,81.366885,1.621536,1.28120011999339,0.018,0.081,0.116500005
2M05362077-0057557,84.086561,-0.965496,1.38769191282701,0.013,0.755,0.0855
2M05234715-0043587,80.94646,-0.732984,0.787514015024593,0.013,0,0
2M05355298-0023461,83.970773,-0.396141,1.83305958332113,0.014,0.533,0.2145
2M05241184+0122021,81.049357,1.367254,0.500366035921636,0.013,0.101,0.13599999
2M05223808-0021336,80.65869,-0.359352,1.24039129763025,0.013,0.243,0.1495
2M05391163-0236028,84.798461,-2.600797,1.03753367716011,0.012,0.763,0.14249998
2M05343468-0051340,83.644537,-0.859445,0.991589054927409,0,0,0
2M05402894+0013082,85.120584,0.218967,1.1397352981285,0,0,0
2M05255665+0014137,81.486043,0.237154,1.24452381636426,0.013,0.129,0.134
2M05234607+0032281,80.941996,0.541157,0.455938912682916,0,0,0
2M05240075-0212416,81.003145,-2.211556,1.16710722857404,0.015,0.168,0.128
2M05342762-0044052,83.615123,-0.734802,1.18495092688128,0.013,0,0
2M05280298-0120320,82.012419,-1.342248,0.439320663263045,0.013,0.35,0.100999996
2M05201885-0149010,80.078555,-1.816954,1.23371078178943,0,0.703,0.1645
2M05390052-0239390,84.752202,-2.660835,1.31085006103944,0.0054,0.518,0.08400001
2M05251555+0133386,81.314804,1.560724,1.09208555351377,0.014,0.197,0.12799999
2M05384921-0241251,84.705076,-2.690312,1.12556824151537,0.013,1.023,0.134
2M05284394-0244546,82.183102,-2.748524,1.18295842777206,0.012,0,0
2M05234655+0145158,80.943998,1.754396,0.846903181306347,0.013,0.411,0.204
2M05361979-0030443,84.082466,-0.512319,1.19767183834873,0.015,0.436,0.10450001
2M05385461-0104566,84.727544,-1.082394,0.796969947885353,0.0026,0.369,0.118
2M05380815-0128040,84.533995,-1.467803,1.52203818402871,0.013,0.674,0.111500025
2M05285401-0117144,82.225059,-1.287344,0.596924563438877,0.015,0.352,0.2795
2M05393814-0144414,84.908958,-1.744837,0.83589306522688,0.009,0.62,0.067
2M05393729-0226567,84.905399,-2.4491,1.51607758424871,0.017,0.583,0.14600001
2M05273137+0116459,81.880735,1.279431,1.21527893123966,0.009,0.168,0.137
2M05360778+0152397,84.032421,1.877695,0,0.009,0,0
2M05222970+0208054,80.623776,2.134841,1.00094293298115,0.0186,0,0
2M05403239-0142379,85.134963,-1.710542,1.49066207498763,0.014,0,0
2M05260969-0207043,81.540397,-2.117868,1.10636002129191,0.0086,0.356,0.146
2M05384355-0233253,84.681473,-2.557045,2.23694327035193,0.054,0,0
2M05215426-0217257,80.476114,-2.290473,1.16366444603414,0,1.683,0.11099994
2M05400338-0229014,85.014094,-2.483735,1.87717084965246,0.013,0.141,0.118
2M05333236-0132137,83.384872,-1.537155,0.802528773618379,0.018,0.047,0.0955
2M05243267+0000129,81.136144,0.003603,1.50666352009074,0.013,0.375,0.166
2M05283339+0009299,82.139145,0.158319,0.669157145481903,0.0088,0.511,0.08350001
2M05373989+0056542,84.416211,0.948406,0.367845110009198,0.012,0.357,0.212
2M05253888+0201299,81.412012,2.024977,0.926796257695057,0.014,0.067,0.0715
2M05320598+0010252,83.024948,0.173677,1.41314849941836,0.013,0.797,0.24249998
2M05235850+0021053,80.993761,0.351482,0.403084040434623,0.013,0,0
2M05250565+0121100,81.273555,1.352787,1.30139603472305,0.017,0.745,0.282
2M05300137+0116371,82.505714,1.276993,0,0.018,0,0
2M05243160+0148134,81.131699,1.803737,0,0.0284,0,0
2M05400867-0232432,85.036136,-2.54534,0.866060290861093,0.015,1.037,0.13350001
2M05414248-0148013,85.427036,-1.800373,3.06147807456611,0,4.171,0.14100003
2M05250874+0145542,81.286433,1.765068,0.924670582548806,0.013,0.149,0.063999996
2M05393511-0247299,84.89631,-2.791663,0.735973436618154,0.015,0,0
2M05283148+0048191,82.131175,0.805332,0.77612656201219,0.009,0.57,0.22799999
2M05274060-0016575,81.919186,-0.282648,1.11704232519234,0.0128,0.742,0.28350002
2M05252037-0158368,81.334911,-1.97691,1.57303518371921,0.0086,0.462,0.06650001
2M05282858-0206103,82.119085,-2.102877,1.11084028004268,0.013,0.117,0.138
2M05393719-0204090,84.90496,-2.069184,1.2973392867805,0.013,0.567,0.10049999
2M05263991-0207555,81.666324,-2.132108,0.598878893363627,0.0098,0.338,0.07450001
2M05222112-0029129,80.588031,-0.486917,0.899607209215198,0.014,0.05,0.105500005
2M05393291-0247492,84.887151,-2.797001,1.04331713852757,0.014,0.727,0.164
2M05402076-0230299,85.086534,-2.508313,1.07591543769658,0,0.582,0.05700001
2M05404464-0222440,85.186027,-2.3789,1.24224276695057,0,0.47,0.1625
2M05422620-0120226,85.609198,-1.339619,0.782769355161686,0.014,0.348,0.0855
2M05353605-0032169,83.90023,-0.538049,0.942456441126115,0.0088,0.397,0.101500005
2M05295839+0203597,82.493294,2.066606,1.19987249074731,0.009,0.005,0.0835
2M05421241-0205097,85.551724,-2.086039,1.95226066958105,0.013,0.375,0.16849999
2M05213596-0021273,80.399856,-0.357608,0.108877683492794,0.014,0.168,0.0765
2M05332993-0111163,83.374716,-1.187888,1.22361443987566,0.0186,0.424,0.163
2M05392686+0033167,84.861922,0.554661,1.34242908864151,0.013,0.731,0.20049998
2M05222482+0002342,80.603452,0.042836,0.896359605092295,0.013,0,0
2M05341134-0130314,83.547266,-1.508748,0.816167557176776,0.003,0.327,0.16149999
2M05413789-0153112,85.407914,-1.886465,2.79481311649469,0.01,6.714,0.14250016
2M05392791-0155493,84.866314,-1.930381,0.529475344593888,0.014,0.43,0.10900001
2M05264681+0226039,81.695083,2.43442,0.931300047691114,0.018,0.115,0.13
2M05271421-0208189,81.809248,-2.138596,1.11764540146624,0.013,0.422,0.068
2M05272886-0205320,81.870285,-2.092227,0.134525050335369,0.013,0.202,0.1455
2M05371545-0107476,84.31439,-1.129913,1.62311597683466,0.013,0.314,0.12600002
2M05340858-0122468,83.535758,-1.379668,0.746764343158006,0.009,0.755,0.10499999
2M05331070-0131357,83.294585,-1.526609,2.25488376210577,0.022,0.523,0.13800001
2M05412953-0154255,85.373066,-1.907092,1.76499644025807,0.01,4.388,0.111500025
2M05375981-0006204,84.499219,-0.105677,0.700304634853063,0.014,0.106,0.075500004
2M05223796-0006011,80.658199,-0.10033,0.899028889808976,0.015,0.075,0.31
2M05250746-0236437,81.281095,-2.612155,1.21737795016581,0.013,0.439,0.1335
2M05375161-0235257,84.465058,-2.590475,1.37289318616316,0.013,0.243,0.1855
2M05255041+0019001,81.460065,0.316722,0.509054840380692,0.013,0.016,0.137
2M05335776-0027510,83.490675,-0.46418,0.815693855929467,0.0026,0.061,0.2365
2M05382782-0107578,84.615935,-1.13274,0.989227640308009,0.015,0.288,0.0915
2M05242664+0118138,81.111025,1.30386,1.15891712426434,0.013,0.815,0.33100003
2M05271665+0216512,81.819396,2.280892,1.30744842652814,0.019,0.431,0.15650001
2M05201480-0225456,80.061696,-2.429343,0.221050679263563,0.012,0.349,0.0995
2M05290743+0150319,82.280968,1.842219,2.02532066197181,0.017,0.788,0.211
2M05263709-0231376,81.654542,-2.527123,1.39463785693625,0.013,0.842,0.176
2M05412611-0232208,85.35881,-2.539135,0.641619170691783,0.015,0.243,0.124
2M05220307+0107141,80.512798,1.120588,0.404466365598878,0.013,0.253,0.092499994
2M05382366-0101356,84.598613,-1.026561,1.62551751062383,0.014,1.049,0.25649998
2M05334409-0024377,83.433732,-0.410479,0.696335946249785,0.013,0.99,0.167
2M05374667-0254075,84.444462,-2.902099,0.804267452255442,0.046,0.466,0.059
2M05385948-0138270,84.747839,-1.64086,1.65912471595396,0.018,0.845,0.27800003
2M05382060-0113189,84.585852,-1.221918,0.697429104126559,0.028,0.383,0.3215
2M05253971+0125469,81.415469,1.4297,1.11557898228848,0.014,0.724,0.14649999
2M05282438-0157400,82.101604,-1.961129,0.980069561370534,0.015,0.394,0.21800002
2M05260443-0153012,81.518496,-1.883679,1.04631516058288,0.013,0.597,0.324
2M05224790+0241315,80.699613,2.692093,0.0361865135564543,0.013,0.473,0.25550002
2M05314830-0247493,82.951273,-2.797039,0.641208856387171,0,0.939,0.307
2M05393719-0205480,84.904971,-2.096692,2.32165429420261,0.02,0.437,0.16749999
2M05224489-0102322,80.687073,-1.042283,0.874771701738379,0,0.873,0.23350003
2M05221705-0202120,80.571045,-2.036678,1.3649941299066,0.012,1.125,0.16499999
2M05272935+0142510,81.872296,1.714176,1.40874874875903,0.04,0.608,0.18349999
2M05383929-0036395,84.663737,-0.61098,1.21813218780201,0.013,0.882,0.143
2M05395602-0251228,84.983435,-2.856337,2.54462483023566,0.024,0.714,0.2995
2M05422123-0159104,85.58849,-1.986231,2.01603443510864,0.014,0.902,0.10800001
2M05380261-0204445,84.51088,-2.079039,0.63952477919185,0.0024,0.287,0.13100001
2M05235154+0103250,80.964774,1.05696,0.770508100949893,0.0086,0.521,0.12699999
2M05413744-0149532,85.406041,-1.831465,2.23840105103431,0.01,6.442,0.16199994
2M05354979-0057421,83.957468,-0.961713,1.42994278449974,0.014,0.248,0.3225
2M05242526+0008517,81.105278,0.147709,0.1167687063963,0.013,0.014,0.119
2M05383335-0236176,84.638995,-2.604898,0.907569419673821,0.013,0.709,0.251
2M05284555+0222021,82.189821,2.367272,1.0242440509588,0,0.844,0.08699998
2M05365026+0045210,84.209424,0.755855,0,0,0.113,0.118
2M05381104-0256018,84.546011,-2.933843,1.41575562655489,0.016,0.706,0.13500002
2M05250759-0029064,81.28164,-0.485129,1.93083816668907,0.016,0.403,0.109999985
2M05343896-0146564,83.662356,-1.782339,1.14655945345132,0.017,0,0
2M05215832+0112140,80.493005,1.203896,1.78836920875464,0.018,0.974,0.291
2M05294323+0222268,82.430154,2.374124,0.518978278963363,0.013,0,0
2M05274063+0103572,81.919321,1.065908,0.943439945557698,0.009,0.339,0.2885
2M05233090+0151185,80.878754,1.855158,1.40909282837659,0.07,0.431,0.12849998
2M05391927-0103580,84.830315,-1.066135,0.29578748095363,0.013,0.045,0.109
2M05370881-0035545,84.286739,-0.598475,1.01753390876088,0.014,0.726,0.14750001
2M05340210+0044225,83.508774,0.739594,0.0892572323859619,0.013,0,0
2M05404031-0118331,85.167968,-1.309221,1.9639639916069,0.022,0.99,0.08849999
2M05273778-0127345,81.907442,-1.459607,0.572893384907207,0.013,0.3,0.10699999
2M05403873-0233475,85.161404,-2.563203,0.907651550016001,0.013,1.017,0.241
2M05353915-0111490,83.913165,-1.196967,1.30070008913522,0.017,0.422,0.11400001
2M05384754-0227119,84.698108,-2.453324,1.01968346628106,0.02,1.297,0.194
2M05322569-0133118,83.10707,-1.553284,0.833244439264353,0.012,0,0
2M05392044-0227368,84.83518,-2.460224,0.389096861458354,0.014,0.049,0.1865
2M05232286-0133286,80.845278,-1.557954,1.70512388959493,0.014,0.309,0.2805
2M05222405-0024229,80.600235,-0.40638,0.85799920532518,0.012,0.432,0.08499999
2M05243922-0214217,81.163418,-2.239383,2.21036497220394,0.017,0.896,0.30049998
2M05391453-0219367,84.810561,-2.326865,1.86220420633267,0.015,0.718,0.15600002
2M05335125-0027310,83.463574,-0.458626,0,0.0026,0,0
2M05332699+0238365,83.362491,2.643493,0.631647790662766,0.013,0.371,0.128
2M05231479-0050586,80.811641,-0.849619,0.787121043711063,0.013,0.653,0.14250001
2M05272968+0129029,81.873672,1.484166,1.0199680021723,0,0.012,0.085999995
2M05371978-0108463,84.332439,-1.146202,1.2881065126801,0.018,0.5,0.12650001
2M05372618-0053510,84.359093,-0.897516,2.1514691016734,0.04,0.383,0.2195
2M05255183+0147361,81.465967,1.793366,0.752320424819154,0.013,0.426,0.122999996
2M05265958+0246583,81.748256,2.782872,1.00585743689981,0.014,0.272,0.243
2M05223465-0231282,80.644381,-2.524506,0.933489780898501,0.013,0.753,0.11549997
2M05290146-0011297,82.256099,-0.19161,1.21925474122117,0.016,0.098,0.154
2M05354484-0037331,83.93686,-0.625878,0.942456441126116,0.0088,0.028,0.12550001
2M05405249-0200461,85.218737,-2.012807,0.274845673241077,0.039,0.229,0.15650001
2M05382774-0243009,84.615597,-2.716937,1.28325126878014,0.017,0.429,0.18649998
2M05343846+0158253,83.660288,1.973698,0.540799546960191,0.009,0.396,0.24999999
2M05345714-0048094,83.738091,-0.802616,0.921843930456729,0.047,0.258,0.25550002
2M05243017-0143174,81.125723,-1.721521,1.37518129173417,0.014,0.407,0.11650002
2M05344115+0026470,83.671493,0.446396,1.32820797002724,0.014,0.625,0.1135
2M05271663-0107402,81.819297,-1.127852,0.77447486556256,0.012,0.254,0.1025
2M05340641-0101489,83.526729,-1.030256,1.49392589724481,0.014,0.401,0.22799999
2M05334127-0029538,83.421993,-0.498284,1.82347826831576,0.014,0.371,0.373
2M05314827-0147591,82.951132,-1.799776,1.26858005688309,0.013,0.464,0.286
2M05333609-0128526,83.400402,-1.481281,1.03807502559448,0.013,0.532,0.1065
2M05375986-0150127,84.499417,-1.836871,1.25051751555004,0.016,0.77,0.18699998
2M05250755+0134243,81.28146,1.573429,1.37962632999118,0.016,0.754,0.167
2M05353015-0118299,83.875633,-1.308324,0.872640890419001,0,0,0
2M05385317-0243528,84.721557,-2.731337,2.46159418293571,0.025,0.431,0.19100001
2M05305562-0055399,82.731751,-0.927759,1.30486571366581,0.021,0.566,0.1595
2M05233430-0157097,80.89292,-1.952712,1.7354264197938,0.013,0.689,0.10499999
2M05213799-0027396,80.40833,-0.461007,1.28917377204615,0.014,0.738,0.13149998
2M05241054+0111386,81.043951,1.194056,0.599004145527671,0.0086,0.851,0.22500002
2M05240895+0143534,81.037304,1.731502,1.29155332030321,0.013,0.318,0.2595
2M05410247-0117380,85.260301,-1.293889,0.264747864820173,0.012,0.427,0.16450001
2M05395484-0219299,84.978524,-2.324978,1.165304925994,0.014,0.543,0.25100002
2M05255808-0056289,81.492029,-0.941381,1.22485837248747,0.014,0.62,0.12799999
2M05322991-0152399,83.124637,-1.877771,1.40526433474997,0.014,0.543,0.149
2M05290882-0125393,82.28679,-1.427596,0.180103043663199,0.013,0.411,0.1285
2M05293745-0135471,82.406044,-1.596427,0.784642061262419,0,0.793,0.096000016
2M05395594-0220366,84.983105,-2.343512,1.15017131427501,0.016,0.208,0.1495
2M05341795-0009280,83.574797,-0.157782,0.826294650720857,0.0026,0.562,0.12750001
2M05245544-0253183,81.231028,-2.888437,1.167392190648,0.0092,0.555,0.17
2M05295313+0232136,82.471407,2.537121,1.69632823995196,0.021,0,0
2M05260800+0141152,81.533369,1.687565,2.3602657675211,0.025,0.396,0.10749999
2M05334918-0115455,83.45494,-1.262647,0.844856613852944,0.014,0.597,0.157
2M05360406-0201296,84.016933,-2.024904,1.1417340932193,0.013,0.467,0.22799999
2M05413472-0217241,85.394674,-2.29004,1.31355547601482,0.045,1.547,0.114499986
2M05301252-0007021,82.552169,-0.117254,0.730006839250701,0.0088,0.892,0.16
2M05322919+0204040,83.121648,2.067778,0.536892479316443,0.017,0.203,0.0935
2M05413908-0153582,85.412866,-1.899523,2.79481311649469,0.01,9.668,0.17600012
2M05261468-0149322,81.561196,-1.825625,1.23870408447192,0.017,0.701,0.1155
2M05284486+0249405,82.186947,2.827944,0.686406475064419,0.017,0.485,0.1715
2M05331091-0114050,83.295466,-1.234743,1.03565825192582,0.015,0.411,0.15150002
2M05243993+0121408,81.166413,1.361338,0.689197337220076,0.012,0.206,0.1985
2M05205008-0253313,80.208702,-2.892034,1.25911754981525,0.014,0.959,0.15549996
2M05263804+0121455,81.658526,1.36264,1.74640273101876,0.018,0.549,0.1855
2M05210656-0053297,80.277357,-0.891585,0.52267338210852,0.013,0.754,0.188
2M05413275-0157574,85.386474,-1.965951,1.45681980515728,0.015,0.53,0.36150002
2M05294266+0232487,82.427774,2.546863,0.912058834286135,0.013,0.579,0.173
2M05334683-0156550,83.445132,-1.948628,0.982563268251498,0.013,0.207,0.115499996
2M05262233+0138596,81.593069,1.649906,1.20136734791777,0.017,0.274,0.1415
2M05411852+0027256,85.327199,0.457116,0.613106483384262,0.014,0.536,0.1485
2M05304665-0000497,82.6944,-0.013812,0.777205796239083,0.014,0.644,0.20599999
2M05215424+0155020,80.476008,1.917224,1.43891709752298,0.013,0.772,0.254
2M05373373-0100041,84.390573,-1.001151,0.859199663062442,0.016,0.214,0.133
2M05230324-0129167,80.763501,-1.487996,0.74570479865406,0.014,0.461,0.120000005
2M05322636-0019392,83.109868,-0.32756,1.38385518718256,0.015,0.676,0.348
2M05325786-0149058,83.241092,-1.818305,1.21912512230828,0,0.498,0.18199998
2M05413671-0147381,85.40296,-1.793923,2.3364702089539,0.0028,4.388,0.36049998
2M05372980-0024143,84.374191,-0.403983,0.290167244043715,0.014,0.557,0.1325
2M05281249-0149387,82.052047,-1.827429,1.14197612321032,0.0262,0.429,0.15650001
2M05203382-0155237,80.140926,-1.923255,1.23977128782921,0,0.543,0.09500001
2M05260369-0152054,81.515382,-1.868181,1.99461040960313,0.015,0.428,0.144
2M05385271-0212234,84.719645,-2.206504,0.533569853522202,0.019,0.112,0.1505
2M05393378-0220398,84.890783,-2.344415,1.57225989406621,0.016,0.908,0.34099996
2M05250205+0137210,81.258546,1.622525,0.855395005269723,0.014,0.019,0.1205
2M05255035+0149370,81.459831,1.826971,1.47946856090733,0.017,0.746,0.1595
2M05401329-0235419,85.055411,-2.594993,0.851875984518284,0,0.33,0.2505
2M05363055+0055554,84.127296,0.932068,1.28917686098743,0.014,0.655,0.195
2M05322388-0028434,83.099513,-0.478747,0.572984799177058,0.015,0,0
2M05413714-0146597,85.404756,-1.783268,2.3364702089539,0.0028,3.898,0.41550004
2M05414055-0113484,85.418989,-1.230115,0.851085711287275,0,2.736,0.12849998
2M05295737+0039237,82.489067,0.656586,0.524190957328397,0,2.361,0.76500005
2M05305299+0006477,82.72081,0.113277,0.254651310954461,0.014,0.283,0.289
2M05340070-0150083,83.502922,-1.835661,0.696255833476567,0.018,0,0
2M05241035+0144074,81.043147,1.735392,0.401736417667924,0.012,0.017,0.1195
2M05394799-0240320,84.949965,-2.675576,0.710725474061964,0.017,0.816,0.1345
2M05244777+0136284,81.199045,1.607908,1.61092810331336,0.016,0.655,0.23650001
2M05413194-0155186,85.383091,-1.921837,2.4518625571086,0.01,5.788,0.27799988
2M05340843+0105091,83.535164,1.085872,0.725456399582686,0.014,0.371,0.081499994
2M05282400-0128577,82.100036,-1.482704,1.88239790528131,0.013,0.225,0.1365
2M05394025-0155236,84.917748,-1.923238,1.17013972712047,0.015,0.497,0.16600001
2M05355648-0031031,83.985349,-0.517554,1.02838831418612,0.021,1.162,0.21249998
2M05370214-0028354,84.258956,-0.476526,0.451999360326999,0.014,0.024,0.126
2M05362908-0235482,84.121207,-2.596744,1.42932501624739,0.035,0.3,0.15200001
2M05344283-0027424,83.67848,-0.461798,0,0.0026,0.118,0.0925
2M05334904-0055203,83.454365,-0.922306,0.379321992035531,0.012,0.517,0.3135
2M05414344-0203482,85.431025,-2.063408,2.01022061164617,0.022,0.353,0.15349999
2M05352562-0102558,83.856758,-1.04884,0.301114668002267,0.018,0.728,0.238
2M05284629-0025383,82.192886,-0.427322,0.899055292652802,0.04,0.911,0.33300003
2M05345449-0123452,83.727074,-1.395893,1.00412634908797,0.015,1.044,0.3855
2M05341952-0125224,83.581351,-1.422915,1.07682361807714,0.034,0.794,0.26000002
2M05354081-0034552,83.920071,-0.582025,0.346282634771571,0.013,0.095,0.076000005
2M05253565+0128232,81.398555,1.473113,0.851781931003539,0.013,0.567,0.1355
2M05323435-0150463,83.143147,-1.846214,1.39252218542918,0.013,0.755,0.10799998
2M05381453-0210152,84.560575,-2.170903,0.631515203317181,0.014,0.546,0.20749998
2M05353117+0205055,83.879899,2.084885,0.229046248151726,0.014,0.204,0.12449999
2M05225160-0050322,80.715012,-0.8423,1.29206111812663,0.014,0.336,0.174
2M05375502+0012280,84.479262,0.207789,1.31166466972103,0.013,0.691,0.22199999
2M05335269-0019260,83.469571,-0.323911,0.373556342064154,0.014,0.621,0.097
2M05233550+0135409,80.897925,1.594722,1.36309565553353,0.016,0.415,0.1265
2M05420597-0152522,85.524878,-1.881183,2.79060299430305,0.0094,3.088,0.15849996
2M05353442-0117443,83.893442,-1.295664,0.468096226610979,0.013,1.027,0.28849998
2M05251341-0124370,81.305911,-1.410293,1.25328023209242,0.013,0.386,0.0685
2M05270646+0137245,81.776958,1.623479,0.541925929581799,0.023,0.215,0.105000004
2M05242087+0124052,81.086975,1.401462,0.557601480142544,0.013,0.596,0.24650002
2M05393295-0125308,84.887328,-1.425237,0.787190000042378,0.031,0.723,0.271
2M05230470+0137148,80.769587,1.6208,0.903556595815597,0.014,0.401,0.171
2M05283185-0153242,82.132727,-1.890081,2.18477979156374,0.038,1.225,0.2695
2M05345175-0033042,83.715652,-0.551177,0.253875861046083,0.013,0.288,0.181
2M05301790-0159227,82.574617,-1.989658,0.920641224742548,0.013,0.546,0.194
2M05251672+0116158,81.319692,1.271074,0.731226110705658,0.013,0.404,0.0985
2M05332574-0132188,83.357271,-1.538561,1.07216947370413,0.013,0.519,0.2665
2M05334187-0147407,83.424489,-1.794653,1.63607635592924,0.02,0.433,0.15949999
2M05361923-0123588,84.080141,-1.399674,1.0120533389134,0.015,0.757,0.2705
2M05383669-0244136,84.652878,-2.737136,0.746467062556156,0.015,0.951,0.21000001
2M05372626-0037307,84.359449,-0.625222,1.39032383869706,0.02,0.754,0.1785
2M05244767+0148280,81.198632,1.807789,0.967785641103451,0.013,0.621,0.2615
2M05353899-0119153,83.912478,-1.320934,0.566564407262793,0.015,0.826,0.112999976
2M05313527-0002124,82.896972,-0.036803,0.843406940697099,0.016,0.188,0.23550001
2M05251394+0143313,81.308116,1.725368,0.647938363240345,0.013,0.664,0.15200001
2M05293117+0030032,82.379891,0.500911,0.543480828570371,0.015,0,0
2M05291210+0253342,82.300432,2.89285,2.02905216251375,0.025,0.729,0.1455
2M05225965+0120089,80.748562,1.335829,0.268380501728197,0.015,0.685,0.2745
2M05361293-0202019,84.053907,-2.033875,0.929000919225807,0.051,0.64,0.1745
2M05352515+0132208,83.854805,1.539124,0.607689571864128,0.013,0.25,0.1685
2M05401638-0202327,85.06826,-2.042422,0.347009260547907,0.015,0.287,0.3355
2M05311998-0146533,82.833288,-1.781497,0.074017400271861,0.013,0.211,0.1055
2M05382021-0238016,84.584226,-2.633789,0.428122221823649,0.018,0.678,0.18650001
2M05355864-0053197,83.994349,-0.888827,1.53614386945887,0.016,0.317,0.22350001
2M05414641-0150111,85.44339,-1.836437,3.06147807456611,0,4.106,0.17400002
2M05324148-0046439,83.172866,-0.778879,1.71420367445535,0.021,1.204,0.312
2M05351713+0011045,83.821395,0.184598,1.6916055158527,0.03,0.196,0.1015
2M05385809-0126135,84.742062,-1.437093,0.516156911645121,0.015,0.634,0.1435
2M05392883-0217513,84.870137,-2.297601,2.55382366191286,0.039,0.479,0.182
2M05391232-0230064,84.801353,-2.501786,0.768584815042924,0.027,1.184,0.12600005
2M05383682-0256584,84.653443,-2.949567,1.44942141530786,0.014,0.702,0.21750002
2M05390276-0229558,84.76153,-2.498842,1.15050003839302,0.019,0.702,0.17249998
2M05383084-0110242,84.628539,-1.173408,0.442586112806617,0.016,0.65,0.16900001
2M05282059-0022432,82.085828,-0.378679,1.54059862321742,0.017,0.157,0.227
2M05365170-0210104,84.215437,-2.169569,1.39950231893089,0.016,1.071,0.15349999
2M05323354-0024307,83.139766,-0.40854,1.1497860339601,0.017,0.213,0.139
2M05224282-0053065,80.678423,-0.885157,0.878873854713813,0.015,0.423,0.3585
2M05300597+0014269,82.524876,0.240819,0.734817450253124,0.015,0.371,0.124
2M05392679-0152420,84.861661,-1.878355,1.01958490677457,0.026,0.506,0.237
2M05382911-0236026,84.621331,-2.600743,1.4262853511507,0.027,0.802,0.465
2M05372393-0127238,84.349733,-1.456624,0.771301829549313,0.016,0.807,0.1255
2M05383360-0157543,84.640011,-1.965109,0.894820216802789,0.018,0.581,0.126
2M05391419-0128523,84.809135,-1.481213,0.48567152405076,0.013,0.399,0.345
2M05361032-0121302,84.043041,-1.358404,0.660876013811996,0.016,0.435,0.123500004
2M05365159-0126238,84.214975,-1.439953,1.0621232786729,0.013,0.653,0.17300001
2M05340051-0026107,83.502141,-0.436317,0.931222861971549,0.013,0.672,0.17250001
2M05261010+0118443,81.542122,1.312306,0.434229069964134,0.015,0.575,0.13800001
2M05340524+0126067,83.521864,1.435212,0.633085028719886,0.02,1.027,0.21200001
2M05272543-0105515,81.855988,-1.097652,0.970149826309958,0.028,0,0
2M05373674-0150536,84.403112,-1.848243,0.86377253637782,0.019,0.643,0.20650001
2M05250506+0136534,81.271093,1.614859,0.54787172784953,0.015,0.647,0.2135
2M05374009-0038582,84.417065,-0.649502,0.290197320499756,0.015,0.308,0.234
2M05302157+0007041,82.58991,0.117826,0.555515407141687,0.013,0.173,0.08150001
2M05391757-0022393,84.823246,-0.377604,0.0413359495333632,0.015,0.326,0.18200001
2M05322512-0004362,83.104707,-0.076743,1.32830609736914,0.019,0.254,0.11500001
2M05314279-0139483,82.928331,-1.663428,0.989924950008335,0.016,0.095,0.14150001
2M05390928-0219130,84.788686,-2.32029,0.705083674141781,0.014,0.593,0.3545
2M05265040+0155037,81.710018,1.917701,0.615357438443634,0.02,0.182,0.14649999
2M05355040-0158426,83.960014,-1.978521,0.95178197018935,0.013,0.389,0.133
2M05252125+0146555,81.338569,1.782086,0.979601517924541,0.017,0.443,0.153
2M05373784-0245442,84.407695,-2.762293,0.615356836980903,0.015,0.18,0.12850001
2M05372246-0056136,84.343618,-0.93713,0.843193512923009,0.027,0.376,0.111499995
2M05412068-0158582,85.336183,-1.982844,1.42994112438134,0.018,0.615,0.306
2M05401082-0211264,85.045094,-2.190691,0.885887709653719,0.015,0,0
2M05240156+0137047,81.006522,1.617992,1.19189708027966,0.013,0.914,0.3315
2M05341788-0141079,83.574512,-1.685549,1.2317068048553,0.013,0.306,0.1095
2M05393169-0143070,84.882083,-1.718636,0.915301103269273,0.02,1.008,0.19300002
2M05414712-0150353,85.446346,-1.843154,3.06147807456611,0,4.386,0.17000008
2M05381487-0200570,84.561982,-2.015859,0.675349461225482,0.014,0,0
2M05350140-0118137,83.755834,-1.303827,1.02371737999804,0.017,0.623,0.18250002
2M05404126-0205386,85.171934,-2.094073,2.27536507217035,0.023,0.582,0.17100002
2M05413053-0124465,85.377222,-1.412925,1.41182604872709,0.0054,8.418,0.12900019
2M05330032-0105318,83.251347,-1.092194,2.09900732409047,0.031,0.687,0.17200002
2M05360431-0111121,84.017986,-1.186695,0.595653584062808,0.016,0.278,0.109500006
2M05380055-0245097,84.502333,-2.752705,0.47287274164983,0.017,0.788,0.2365
2M05424017-0211256,85.667401,-2.190469,1.07516060673646,0.015,0.147,0.169
2M05351039-0027462,83.793308,-0.462855,0.306879835003033,0.013,0.035,0.083000004
2M05405804+0033291,85.24184,0.558089,1.30228185585105,0.015,0.362,0.20449999
2M05334729-0120274,83.44706,-1.34095,0.644624112264289,0.016,0.684,0.187
2M05361059-0215223,84.044128,-2.256204,0.553256345977117,0.017,0.676,0.1975
2M05384993-0241228,84.708048,-2.689676,0.723951307425028,0.017,0.598,0.10350001
2M05300767-0146325,82.531959,-1.775704,0.709074181281039,0.017,0.201,0.1595
2M05253994+0140211,81.416426,1.672528,0.965505189198118,0.022,0.09,0.328
2M05381824-0248143,84.576021,-2.803975,0.803900758651263,0.013,0.602,0.09
2M05283771+0011485,82.157141,0.196823,0.532489789722341,0.018,0.493,0.15500002
2M05260634+0145466,81.526432,1.762967,0.923132063910839,0.016,0.524,0.16149999
2M05384443-0129344,84.68516,-1.492898,0.820877459055658,0.015,0.488,0.15150002
2M05380701+0006016,84.529232,0.100459,1.83146879737737,0.022,0.858,0.15450001
2M05363878-0254196,84.161618,-2.905451,0.909985968587321,0.014,0.891,0.29050002
2M05332929-0130281,83.372057,-1.507827,1.0339680225927,0.013,0.74,0.346
2M05315981-0152110,82.999215,-1.86974,0.949898837922477,0.014,0.522,0.187
2M05395825-0226188,84.992733,-2.438566,1.43396217495238,0.016,0.842,0.24649999
2M05245425+0140026,81.226055,1.667405,0.118813315456228,0.013,0.61,0.3705
2M05292131-0028357,82.338825,-0.47661,1.61056005122781,0.042,0.299,0.1815
2M05240425+0148303,81.017725,1.808425,0.804925068575411,0.023,0.231,0.2225
2M05260639+0137116,81.526631,1.619901,0,0,0.038,0.138
2M05414380-0146457,85.4325,-1.779375,2.11099565778766,0.03,0.965,0.16500002
2M05375593-0255180,84.483082,-2.921688,1.29034346963353,0.015,0.471,0.1625
2M05383745-0250236,84.656056,-2.8399,0.791854638192373,0.017,0.397,0.38099998
2M05384084-0140416,84.670173,-1.678229,1.9302198209923,0.014,0.93,0.20300001
2M05302757+0143417,82.614887,1.728258,1.05141863918686,0.018,0,0
2M05405447-0219028,85.226996,-2.317455,0.442031121412208,0.014,0.381,0.06999999
2M05360326-0108362,84.013585,-1.143399,0.341428978556376,0.034,0.485,0.106500015
2M05241556+0155515,81.064852,1.930983,0.746255819077273,0.013,0.247,0.100499995
2M05413821-0155361,85.409236,-1.92672,2.4518625571086,0.01,4.483,0.19950008
2M05415215-0157174,85.467317,-1.954859,2.33580950892669,0,6.459,0.09649992
2M05243409+0046208,81.142066,0.772458,1.38700857752349,0.021,1.021,0.11900002
2M05365500-0135508,84.229178,-1.597466,1.3338132759053,0.014,0,0
2M05365019-0247099,84.209155,-2.786106,0.837345228202534,0.015,0.497,0.139
2M05250192+0134563,81.258006,1.582317,1.12221088879965,0.037,0.588,0.246
2M05392286-0233330,84.845284,-2.559183,0.861781062895778,0.018,0.582,0.2415
2M05240229+0153213,81.009549,1.889264,0.563545738622569,0.016,0.531,0.3855
2M05335454+0134086,83.47729,1.569077,0.69728440674877,0.014,0.766,0.15499997
2M05285332+0148551,82.222178,1.815309,0.707316633662581,0.013,0.271,0.1435
2M05354477-0052501,83.936573,-0.880606,0.617214798607302,0.013,0.578,0.16600001
2M05395946-0216522,84.997787,-2.281183,0.754959147793465,0.017,0.719,0.10200003
2M05240756+0138416,81.03153,1.644913,0.471588038138787,0.016,0.4,0.37100002
2M05390988-0108459,84.791182,-1.146085,0.631730994734677,0.015,0.159,0.098500006
2M05331423+0018123,83.309333,0.303435,1.39127296402239,0.016,0.828,0.24650002
2M05370245-0120197,84.260236,-1.338822,1.44301143876141,0.019,0.205,0.22999999
2M05401048-0236020,85.043676,-2.600574,0.373726471496927,0.013,0.6,0.1065
2M05235147+0037007,80.964495,0.616868,0,0.0086,0.366,0.21149999
2M05390759-0228234,84.781638,-2.473167,0.975992627784155,0.015,0.79,0.194
2M05395236-0236147,84.968207,-2.604105,0.756973583760999,0.017,0.454,0.13350001
2M05375763-0117075,84.490135,-1.285425,0.474372321770714,0.023,0,0
2M05391717-0225433,84.821565,-2.428711,0.325884276987547,0.016,0.201,0.16399999
2M05421620-0156148,85.567535,-1.937472,2.75885599666173,0.0094,0.349,0.282
2M05375220-0233379,84.467531,-2.560545,1.55748349409584,0.016,0.839,0.4585
2M05404607-0131354,85.191977,-1.526522,1.96100824115252,0.018,1.296,0.23750001
2M05374477-0212534,84.436566,-2.214843,0.91340256585592,0.013,0.654,0.33200002
2M05354979-0227036,83.957472,-2.45101,2.13016816964316,0.032,1.068,0.14700001
2M05412880-0150024,85.370034,-1.834003,2.23840105103431,0.01,4.62,0.11349988
2M05415185-0136304,85.46605,-1.60847,1.92028691397929,0.031,1.091,0.1715
2M05392435-0234013,84.851491,-2.567052,0,0.0214,0.366,0.26599997
2M05394661-0226313,84.944215,-2.442037,0.973578843221349,0.024,0.904,0.29900002
2M05373666-0234003,84.402778,-2.566751,0.610496245459148,0.016,0.52,0.269
2M05415209-0155183,85.467066,-1.921756,3.43098275310684,0.116,2.697,0.19699991
2M05384375-0252427,84.682327,-2.878554,0.780866887057655,0.019,0.901,0.26200002
2M05375404-0244407,84.475197,-2.744647,0.884062772987009,0.015,0.382,0.126
2M05380167-0225527,84.50697,-2.431319,1.10930307506618,0.021,0.779,0.25100002
2M05392650-0252152,84.860425,-2.870904,0.170440462194654,0.015,0.177,0.123500004
2M05415419-0148017,85.475811,-1.80048,3.06147807456611,0,2.983,0.17849994
2M05420467-0157389,85.519488,-1.960821,5.54532624204033,0.111,3.466,0.2995
2M05413476-0142500,85.394839,-1.713906,2.3364702089539,0.0028,3.757,0.23749995
2M05414702-0149265,85.445941,-1.824034,3.06147807456611,0,5.144,0.25
2M05411918-0152268,85.329942,-1.87413,1.76499644025807,0.01,3.487,0.2915001
2M05413669-0152432,85.402908,-1.878684,2.79481311649469,0.01,4.602,0.2995
2M05412932-0151305,85.372198,-1.858489,2.23840105103431,0.01,3.311,0.14200008
2M05414549-0224162,85.439546,-2.404513,0.777080701321917,0.0108,6.318,0.27550006
2M05414468-0216565,85.43619,-2.28238,0.970339195368352,0,3.144,0.14450002
2M05414780-0159036,85.449173,-1.984335,2.56791845456157,0,6.443,0.27349997
2M05413545-0152288,85.397742,-1.874687,2.79481311649469,0.01,4.931,0.18849993
2M05415656-0146168,85.485703,-1.771339,3.15417149633051,0.0028,4.321,0.15999985
2M05385251-0212214,84.71882,-2.205953,0.688598348965902,0.025,0.257,0.162
2M05415003-0157306,85.458469,-1.958519,2.33580950892669,0,4.528,0.23100019
2M05415294-0156351,85.470604,-1.94311,2.33580950892669,0,6.819,0.24249983
2M05405172-0226489,85.2155486028681,-2.44694557420778,3.31128306766523,0.024,2.41,0.21599996
2M05413638-0216463,85.4016482898052,-2.27952134348371,1.26003004895007,0.0558,4.564,0.1565001
2M05414703-0216378,85.446051468659,-2.27721871589493,1.65141833604723,0.031,1.617,0.073000014
2M05425881-0218370,85.7450672764623,-2.31031249770512,2.20820349495223,0.03,1.934,0.14200002
2M05424581-0215232,85.6908976968511,-2.25648036958521,2.01720220898828,0.0306,1.112,0.231
2M05403931-0226460,85.1638103565262,-2.4461586591058,1.52921954333458,0.015,0.885,0.3955
2M05412450-0222362,85.3520962419293,-2.37672502431539,2.4967777136325,0.0446,2.996,0.08700001
2M05405824-0117047,85.2427020855867,-1.28464564923986,0,0.0896,0,0.184
2M05404676-0210499,85.1948935431203,-2.18057617878571,1.09128525744451,0.0752,1.038,0.171
2M05415489-0141379,85.4787237804657,-1.69392497156247,3.16777285761642,0.0218,1.712,0.21350002
2M05404482-0211500,85.1867903307664,-2.19725539497923,1.33101110507346,0.0752,0.387,0.20050001
2M05414714-0200190,85.446487864883,-2.005287654538,2.98122545418374,0.0706,4.18,0.16550004
2M05415556-0223404,85.4815602441662,-2.39460156574625,2.72524661551363,0.0576,3.683,0.45700002
2M05415319-0157441,85.4716743455361,-1.96225864473818,2.98122545418374,0.0706,6.612,0.23300004
2M05412863-0113521,85.369270040595,-1.23123496838969,2.1091771645163,0.021,1.024,0.31500003
2M05421319-0158336,85.5550020196459,-1.97600634826585,3.33288276325053,0.0746,6.189,0.09699988
2M05415868-0203418,85.4945320430055,-2.06164072079646,3.38989477112644,0.0832,5.574,0.42350006
2M05423258-0138123,85.6357404860521,-1.63678834517435,2.70239107795579,0.0274,2.417,0.22500002
2M05413501-0138549,85.3959166954505,-1.6485930835155,3.34520783874408,0.019,1.744,0.23049998
2M05413972-0202242,85.4155503240566,-2.04011131761339,2.98122545418374,0.0706,3.683,0.23950005
2M05420580-0159289,85.524210852611,-1.99138034545618,2.24224746388835,0.259,1.892,0.30099994
2M05415220-0201211,85.4675332084691,-2.02253758988629,2.98122545418374,0.0706,4.283,0.26600003
2M05415845-0115486,85.4935356568578,-1.26353112648168,2.34495768693052,0.065,2.941,0.15050006
2M05405605-0147261,85.2336007892757,-1.79061668509829,2.43530955455572,0.078,4.848,0.44350004
2M05412982-0141378,85.3742990212285,-1.69381988724912,3.34717115130971,0.0758,3.136,0.19649994
2M05421948-0215409,85.581211418319,-2.26137145851266,2.00307564511402,0.035,0.317,0.284
2M05423868-0154224,85.6611823602463,-1.90626252959295,1.69157776057544,0.046,2.01,0.25600004
2M05342581-0121065,83.6075886936204,-1.35181982895677,0.379891522355365,0.0388,0.798,0.067499995
2M05331867-0036141,83.3278285871578,-0.603930125693452,1.56540347587772,0.0728,2.034,0.35750002
2M05362428-0042120,84.101214867485,-0.703352899157639,0.681327753884043,0.0068,0.947,0.5445
2M05362868-0017235,84.1195481783688,-0.289892279979296,1.04149625748782,0.005,5.524,0.28849983
2M05352293-0111242,83.8455691048615,-1.19007235444982,1.15996272082562,0.0356,0.401,0.106000006
2M05363068-0018439,84.1278506059903,-0.312223795741243,1.04149625748782,0.005,1.922,0.12349999
2M05334326-0108346,83.430260939262,-1.14298322959694,2.01552472143228,0.0086,0.545,0.2005
2M05354600-0057522,83.9416844779178,-0.964513832310906,1.08671082196482,0.042,0.414,0.11949998
2M05344890-0037167,83.7037977605924,-0.621306463666571,1.6623600461024,0.0714,1.049,0.08700001
2M05354326-0034367,83.9303175387242,-0.576874779370119,0.722845513513756,0.068,0.597,0.13650002
2M05355543-0113318,83.9810100073915,-1.22553822768985,1.76312909098214,0.02,0.762,0.18249997
2M05371885-0020416,84.3285305309379,-0.344917364861619,1.01668346222752,0.0066,0.212,0.096499994
2M05330077-0036208,83.253265277583,-0.605794166923047,1.21195800168975,0.029,0.362,0.166
2M05321016-0037124,83.0423726792123,-0.620146442383716,0.572000382164392,0.014,0.113,0.060499996
2M05322578-0036533,83.1074291220115,-0.614828641680616,0.518997553687694,0.0326,0.107,0.22800002
2M05303164+0203051,82.6318929063658,2.05143019124734,1.10493368906413,0.0202,0.874,0.141
2M05333982-0038541,83.4159518734568,-0.648340224737579,0,0.0404,0.072,0.1435
2M05341714-0109348,83.5714330079257,-1.15969027919024,1.43109882642963,0.022,0.502,0.10749999
2M05330623-0042197,83.2760013470722,-0.705501466382086,2.13359444017021,0.0404,0.855,0.0995
2M05352017-0042136,83.8340518209985,-0.703831110704731,1.45763243643569,0.0044,0.399,0.1485
2M05352522-0043243,83.8550960241551,-0.723428640779886,0.959734562695987,0.0044,0.972,0.11600003
2M05353178-0023065,83.8824505169005,-0.385171734556459,1.05022048311073,0.0426,0.213,0.1135
2M05332970-0110420,83.3737991216753,-1.17832466825513,1.73048315939019,0.013,0.629,0.255
2M05352853-0125314,83.8689855359542,-1.42540284506261,2.92349628829309,0.035,0.129,0.20199999
2M05321787-0031415,83.0745092199587,-0.528210661288716,0.687752766896421,0.0266,1.714,0.3125
2M05372168-0040399,84.340388340888,-0.677794114148196,1.00678427317847,0.016,0.212,0.126
2M05322557-0017343,83.1065593969066,-0.292871255790754,2.68104053330977,0.024,0.402,0.142
2M05340486-0040172,83.5202641212684,-0.671462350282619,0,0.0414,0.005,0.0935
2M05342044-0130246,83.5851788433656,-1.50682960754513,0.185844069916939,0.013,0,0
2M05342636-0033512,83.6098818415505,-0.564237482463159,1.66492800788542,0.017,0.519,0.2315
2M05342629-0033443,83.6095861568357,-0.562320541383326,0.872296095611149,0.028,1.224,0.2385
2M05341194-0120547,83.5497689725034,-1.34855430075896,0,0.036,0.48,0.201
2M05365851-0029593,84.2438362987683,-0.499849321899885,0.658181128340256,0.014,0.838,0.19549999
2M05332272-0143421,83.3446840288556,-1.72839512932373,1.51409385659524,0.014,0.727,0.176
2M05380648-0011037,84.5271492305097,-0.184302833365397,1.46647339062548,0.0566,0,0
2M05333084-0127340,83.3785004631384,-1.45947115958611,1.01038275370936,0.019,0.514,0.09750001
2M05365231-0121246,84.2179949296754,-1.35686395778426,1.65388294832925,0.041,0.453,0.1605
2M05344097-0122442,83.6707443675583,-1.37892195371659,1.21890068711949,0.027,0.325,0.436
2M05342354-0121403,83.5981053307033,-1.36120209342232,0.15169806143216,0.012,0.497,0.0915
2M05332472-0135180,83.3529883602369,-1.58834559981276,0.869201149496462,0.0382,0.731,0.27499998
2M05324233-0026344,83.1763852372246,-0.442912926472194,0.892400168790324,0.014,0.55,0.19099998
2M05343729-0020176,83.6553984837872,-0.338214352729939,1.57101207039012,0.027,0.863,0.42700002
2M05365088-0024062,84.2120072660571,-0.401789073873436,1.0785987135464,0.014,0,0.142
2M05333959-0025041,83.4149677454563,-0.41782250197154,1.11069291911785,0.0988,0.806,0.088
2M05324742-0040341,83.1976115896166,-0.676149909380009,0.483820352810299,0.013,0.115,0.163
2M05363280-0137071,84.1366695059687,-1.61866643867256,0.418657703216186,0.018,0.72,0.1155
2M05345278-0032588,83.7199790267033,-0.549681480520559,0.353488915270261,0.013,0.681,0.13000003
2M05244279+0143482,81.1783510805485,1.73006516072523,1.12707896169293,0.0234,0,0
2M05300369-0155467,82.5154201363397,-1.92967440994334,1.78293739154491,0.017,0.645,0.42049998
2M05254589+0145500,81.4413378298184,1.7638971446059,1.49304523045771,0.0558,1.569,0.13600004
2M05244103+0154386,81.1710020730881,1.91070102349499,0.666449708807352,0.368,1.085,0.27699998
2M05292326-0125153,82.3469325873939,-1.42096323382625,0.55357947792152,0.0298,0.404,0.17300001
2M05265537+0140224,81.7307352522451,1.67288989008356,1.16342876558175,0.053,0.251,0.331
2M05321496-0158263,83.0623585004574,-1.9739910851287,2.26349998141062,0.025,0.785,0.47800002
2M05320040-0140110,83.0016833484709,-1.66973807713797,1.12022690899397,0.014,0.043,0.266
2M05322569-0157112,83.1070503240628,-1.9531288902776,1.06445912031634,0.023,0.827,0.274
2M05320641-0126435,83.0269042902984,-1.44558109917991,0.641487905531228,0.0216,0.717,0.3165
2M05320347-0156321,83.01446078599,-1.94225655332866,0.710283152548633,0.013,0.09,0.059499998
2M05302823-0153309,82.6176586530953,-1.89186840711943,1.51360227287327,0.017,0.438,0.187
2M05381412-0215597,84.5588329116548,-2.266606824919,0,0.0804,0.175,0.1225
2M05393982-0231217,84.9159503309176,-2.52274086878032,0.758787135309756,0.071,0.362,0.20049998
2M05390136-0218274,84.755720283718,-2.30762707484392,1.8099398720526,0.032,1.048,0.2495
2M05393998-0243097,84.9166216352263,-2.71937813317193,1.49605730024262,0.1112,0.916,0.18450001
2M05382725-0245096,84.6135721337576,-2.75269998786192,1.4837965567598,0.1256,1.187,0.15799999
2M05391151-0231065,84.7979994770128,-2.51849584723313,1.23426064950221,0.1996,0.645,0.4585
2M05394017-0220480,84.9173797016902,-2.34667695250026,1.40275787145361,0.0976,0.631,0.08050001
2M05392519-0238220,84.8550210124662,-2.63946240255626,1.49130093279873,0.169,1.15,0.09500003
2M05390760-0232391,84.7816943272455,-2.5442243628605,1.78103961565153,0.186,0.915,0.60249996
2M05382915-0216156,84.6215037444675,-2.27104432689689,2.53598558442276,0.0532,0.47,0.10349999
2M05385200-0246436,84.7167120069913,-2.77881588423766,1.46923791476251,0.0928,0.009,0.2055
2M05395465-0246341,84.9777421795772,-2.77615004106188,1.78719586083418,0.0486,0.79,0.14199999
2M05385911-0247133,84.7462577591588,-2.78706248828819,1.74726735517305,0.0928,2.846,0.3959999
2M05384423-0240197,84.6843170629549,-2.67216327679562,0,0.053,0,0.17050001
2M05380674-0230227,84.5281117277523,-2.50632051378575,2.00487062097596,0.0502,1.754,0.1505
2M05384027-0230185,84.667810110542,-2.50515786609364,1.38499580428666,0.0674,0.87,0.28949997
2M05384803-0227141,84.7001583371723,-2.4539298254469,1.54495289758602,0.063,0.729,0.08649999
2M05382050-0234089,84.5854353693737,-2.56916244520226,2.30112005135934,0.2456,2.584,0.27349997
2M05391883-0230531,84.8284914219626,-2.5147867776649,1.10978738300272,0.2482,0.684,0.298
2M05380107-0245379,84.5044879114144,-2.76056324635337,3.44638619955915,0.054,1.086,0.18849999
2M05381315-0245509,84.5548119053038,-2.76418981011574,2.00633410862809,0.1524,0.558,0.5075
2M05383587-0243512,84.6494908693097,-2.73089853930726,1.11852442100538,0.0958,0.872,0.18550003
2M05380826-0235562,84.5344457743307,-2.59896838569913,2.94041652423289,0.029,0.609,0.39049995
2M05393938-0217045,84.9140847604593,-2.28458334978268,1.45096064766337,0.0234,0.886,0.2515
2M05400195-0221325,85.0081596815289,-2.3590648522345,1.31375372880348,0.0912,1.398,0.314
2M05394318-0232433,84.9299421682074,-2.54538356568573,2.03035673898892,0.041,1.061,0.23200002
2M05383848-0234550,84.6603809049509,-2.58197102715232,2.22488007852417,0.1438,0.298,0.178
2M05395362-0233426,84.9734284027389,-2.56186927036445,1.49696827783769,0.064,0.426,0.20249999
2M05385831-0216101,84.7430014905561,-2.26947960394643,0,0.0466,0.564,0.194
2M05385922-0233514,84.7467877498259,-2.56428510752607,2.22834192229238,0.0466,1.1,0.34499997
2M05382119-0254110,84.5883135139583,-2.90310104110323,1.32269839095488,0.045,1.255,0.24299997
2M05382750-0235041,84.6146354855388,-2.58450961607421,1.24651963852258,0.034,0.516,0.529
2M05390878-0231115,84.786593174388,-2.5198850236286,1.05585418346933,0.08,1.274,0.17149997
2M05380097-0226079,84.5040639665011,-2.43554309566022,1.09386649813018,0.018,0.664,0.376
2M05384719-0235405,84.6966932302244,-2.59459019379044,0,0.0326,0,0
2M05390357-0246269,84.7649158423165,-2.77418599067727,2.05413857620841,0.023,0.569,0.231
2M05383405-0236375,84.6419216995648,-2.61043773318103,2.04483121661391,0.014,0.872,0.29749998
2M05395172-0222472,84.96553726767,-2.37979560139859,1.84110583343596,0.026,1.379,0.18049997
2M05381886-0251388,84.5785841979627,-2.86082418614119,0.540162749226901,0.013,0.569,0.1985
2M05384053-0233275,84.6689111827884,-2.55766847544928,1.02668589533649,0.019,0.942,0.16250002
2M05384159-0230289,84.6733312225114,-2.50803758402831,1.13233629811476,0.017,0.733,0.17099997
2M05381319-0226088,84.5549895165702,-2.43573589311875,0.799838406677936,0.029,0.749,0.32
2M05383902-0245321,84.662637042937,-2.75895170165675,2.5577321859547,0.07,0.615,0.13150002
2M05392677-0242583,84.8615653433946,-2.71621468702193,0.830211625961907,0.123,1.144,0.25249997
2M05385145-0236205,84.7144044339494,-2.60573461020569,2.39155963273404,0.033,1.224,0.21999997
2M05385003-0237354,84.7084983851061,-2.62654399667772,1.84910871191832,0.078,0.804,0.1255
2M05401286-0222020,85.0535984063604,-2.36728734630055,1.31375372880348,0.0912,0.372,0.21
2M05400889-0233336,85.037035712337,-2.55938530396916,1.49696827783769,0.064,1.695,0.2155
2M05401702-0218111,85.0709271642552,-2.30312907345779,0.893354086553022,0.014,0.835,0.2015
2M05384917-0238222,84.7048998879148,-2.63952985214867,2.0899331112359,0.034,0,0.1225
2M05384333-0232008,84.6805765804546,-2.53357454210477,1.3544466211859,0.027,0.894,0.20350003
2M05384791-0237192,84.6996068788816,-2.62208052670025,2.18595381785884,0.0306,0.846,0.33499998
2M05390297-0241272,84.7624181268505,-2.69088228014486,2.42712410088651,0.035,0.988,0.3735
2M05384227-0237147,84.6761719303514,-2.62078535296728,2.6074934179868,0.0308,1.297,0.30449998
2M05384386-0237068,84.6827959504855,-2.61859147970549,1.78347152291684,0.069,1.117,0.30400002
2M05390853-0251465,84.7855423761233,-2.86294496642711,1.82629474882652,0.015,0.934,0.208
2M05405637-0130257,85.2348891192974,-1.50717498147632,0,0.0328,0,0
2M05420934-0158048,85.5389949530047,-1.96801602625903,3.33288276325053,0.0746,3.965,0.301
2M05415930-0159108,85.4971373271695,-1.98635594688642,3.1114700991798,0.145,3.628,0.18599999
2M05421842-0219463,85.5767713120629,-2.32955540120424,1.3438429453162,0.015,0.559,0.15399998
2M05240804+0227468,81.033540801767,2.46302147066978,1.35585588228421,0.0438,0,0
2M05392639-0215034,84.8600042188813,-2.25096078439291,1.03880870694198,0.017,0.102,0.108
2M05362855+0004456,84.1189737299356,0.0793366791981783,0.913865321291096,0.0226,0.316,0.136
2M05294511+0215396,82.4379984252975,2.26102011546117,1.10493368906413,0.0202,0.124,0.2475
2M05383981-0256462,84.6659184748794,-2.94618311667326,2.44497975263091,0.136,0.679,0.2975
2M05320638-0111000,83.0266049985594,-1.18336721131151,0.570735672548652,0.0318,0.282,0.41
2M05371478-0049317,84.3116161615122,-0.82553102209863,1.04203277486148,0.0094,0.845,0.41300002
2M05355862-0104452,83.9943014940283,-1.07922406657604,0.501160288368132,0.013,0.534,0.2095
2M05363515-0102168,84.1464486754395,-1.03802641822005,0.961505753082963,0.033,0.701,0.2525
2M05394097-0216243,84.9207399102652,-2.27343744317835,1.04285176781258,0.025,1.009,0.16799998
2M05295026-0102088,82.4594326091138,-1.03583013154934,0,0.0588,0,0
2M05364407-0000013,84.1836664681336,-0.00035152792755534,0.148692277230017,0.012,0.296,0.137
2M05270547+0025075,81.7728070487614,0.418789987656055,1.45090077234261,0.0486,0,0
2M05281531+0127339,82.0638252451427,1.45945903482021,0,0.02,0,0.074499995
2M05401352-0127452,85.0564056756666,-1.46256061833625,0,0.0778,0,0
2M05320993-0249467,83.0414313566397,-2.82966097472033,0.886930266837715,0.021,1.232,0.17850006
2M05294805-0023434,82.4502240673055,-0.395414291053216,0.392878526229635,0.1002,0,0
2M05231240+0054476,80.8016917240378,0.91323244580184,0,0.0806,0,0.066
2M05432925+0004589,85.8718753533699,0.0830491273505352,1.79156181328489,0.0444,1.012,0.081499994
2M05294839+0254474,82.4516540565053,2.91317235786454,0.511863164622208,0.0176,1,0.114499986
2M05254676+0032538,81.4448732801924,0.548279014695769,0.875087859910027,0.0466,0.978,0.19149998
2M05375904-0105527,84.4960268471619,-1.09799830358367,1.1639989859285,0.027,0.946,0.12800002
2M05391300-0127211,84.8042071338034,-1.45590632252299,1.28468038627705,0.0406,0.639,0.17549999
2M05365409-0253155,84.2254285671014,-2.8876987729076,1.53629016070885,0.0952,0.228,0.117
2M05305785-0040376,82.7410404788787,-0.677158192508412,0.721704882761141,0.0108,1.7,0.10549998
2M05415980+0035270,85.4991810302998,0.590838230157518,1.7036720137727,0.0158,1.284,0.11500001
2M05270195-0130533,81.7581442001583,-1.51483608177816,0,0.0236,0,0.1215
2M05273518-0045235,81.8965750819894,-0.756570198170836,0.716930208029076,0.0614,1.789,0.18449998
2M05274199-0144217,81.925010384887,-1.7394213065305,1.39169585134565,0.0302,0.242,0.1115
2M05265352-0109022,81.7229888509672,-1.15063950780197,0,0.0908,0.114,0.2385
2M05402018-0226082,85.0841361583968,-2.43562249146712,0,0.0208,0,0
2M05370624+0008550,84.2760312072748,0.148642637864709,1.0348000860201,0.0286,0.496,0.3635
2M05402243-0215399,85.093504109037,-2.26110545457613,1.05325626955855,0.0296,0.892,0.4505
2M05390257-0120323,84.7607236337954,-1.34234647915733,1.40924214341865,0.0406,1.098,0.1665
2M05372254-0259363,84.3439558435995,-2.99344990729951,1.94483104510889,0.159,0.92,0.1825
2M05392927+0003390,84.8719784045006,0.0608403836294074,1.216582059639,0.0268,0.772,0.24449998
2M05264210-0041088,81.6753945718658,-0.685805032595513,0.740194359608006,0.0992,0.532,0.36
2M05400365-0216461,85.015248361355,-2.27949566949469,1.79249811235389,0.013,0.959,0.20650002
2M05402650-0146510,85.1104676007396,-1.78083912250361,0,0.0716,0.226,0.0705
2M05264162-0040524,81.673436392106,-0.681233155155562,1.67250312404005,0.016,0.182,0.1615
2M05255605-0216016,81.4835411402413,-2.26714190487625,0.824922367345163,0.0138,0.706,0.17500001
2M05400668+0103099,85.0278651176296,1.05274165066232,1.47350497587614,0.019,0.094,0.23550001
2M05405259-0259469,85.2191577137796,-2.99638174554778,3.38667378088787,0.024,0.906,0.27400002
2M05380477-0117187,84.5199010566799,-1.28856087206415,0.707133109687214,0.039,0.429,0.19150001
2M05370299-0250490,84.2625077228233,-2.84696212911132,1.36366602417765,0.023,0.457,0.2745
2M05401513-0057266,85.063084451304,-0.957418385621841,0.318386337513642,0.015,0.142,0.157
2M05270776-0129461,81.7823330229227,-1.49612939099512,0.839771733344972,0.013,0.107,0.141
2M05415920+0103361,85.4966237589584,1.0599735059079,1.51732911711546,0.0264,0.921,0.44299996
2M05225294+0055578,80.7205757915166,0.932740145936802,0,0.0806,0,0
2M05425225-0105146,85.7177134743607,-1.08743059349391,3.48807670240996,0.029,2.925,0.0940001
2M05433899-0141157,85.9124858456513,-1.68769734949892,2.50378059411559,0.0314,1.46,0.21349996
2M05392543-0124409,84.856016706027,-1.41136732307369,1.40924214341865,0.0406,0.793,0.07350001
2M05412833-0213596,85.3680911609552,-2.233248378628,2.69712780068488,0.022,2.342,0.1695
2M05341543-0214437,83.564302328961,-2.24549705816181,1.09538148131116,0.013,0.627,0.2935
2M05384724-0050419,84.696833308385,-0.84499417758456,1.17664048852608,0.016,1.186,0.23750004
2M05400592-0203271,85.0247014632609,-2.05755301012055,0.92728305043979,0.017,0.364,0.141
2M05330858-0229252,83.2857884064,-2.49042254401107,1.39970119035443,0.014,0.307,0.157
2M05392030-0118253,84.8345842779655,-1.30704444233629,2.94088714650612,0.059,0.804,0.32199997
2M05393560-0023479,84.8983620440219,-0.396630079606888,0.340865363761304,0.046,0,0
2M05423334-0025505,85.6389529939354,-0.430673349932745,1.66081442171839,0.022,0.403,0.34800002
2M05305152-0008092,82.7146635930742,-0.135929138091374,0,0.0456,0,0
2M05423101-0051202,85.6292221766514,-0.855613678890674,0,0.09,0.143,0.1035
2M05365983-0120245,84.2493266148011,-1.34014702183155,1.44268375207027,0.041,0.963,0.20949998
2M05371465-0101504,84.3110945337769,-1.03071207427862,0.685389396289459,0.02,0.793,0.19100001
2M05383576-0115455,84.649033776001,-1.26265414252481,0,0.025,0.4,0.26950002
2M05390177-0037446,84.7574091324936,-0.629067354705034,2.07833126296722,0.041,2.106,0.302
2M05395796-0131553,84.9915466477335,-1.53205833630105,2.54944689988179,0.022,1.317,0.24950004
2M05424105-0033264,85.6710718119137,-0.557337660091494,1.06486289924345,0.019,0.364,0.118
2M05415976-0147363,85.498987759681,-1.79348415625238,3.35209495339744,0.0166,3.255,0.13600004
2M05430805-0234249,85.7836109530066,-2.57362745338786,3.26819448861315,0.014,2.135,0.31300002
2M05320780+0017047,83.0325400509366,0.284725489882261,0,0.0464,0,0.19600001
2M05313893-0245026,82.9122264011721,-2.75073866873194,0.91791171101173,0.0876,0.12,0.162
2M05291271-0010187,82.3029677205201,-0.171890339891898,0.00670749515974604,0.021,0.29,0.1045
2M05300093-0059367,82.5038972680104,-0.993550569054391,0.463664226984487,0.014,0.253,0.4185
2M05402461-0152309,85.1025467011831,-1.87527590003046,0.58270505256165,0.114,1.279,0.3465
2M05310005-0026513,82.7502214357285,-0.447603954063562,0.39324683080932,0.016,0.017,0.1105
2M05293176+0251217,82.3823658012211,2.85605346584987,0.334691553692121,0.014,0.434,0.19100001
2M05354461-0014263,83.9358950159786,-0.240675009995752,1.38980087636105,0.016,0.518,0.2735
2M05372434-0117056,84.3514567544497,-1.284918458242,2.1557078795672,0.015,0.583,0.12799999
2M05251029+0115314,81.2929102321182,1.25870035441363,0,0.0284,0,0
